2011年按區議會選區、性別及年齡組別劃分的人口,(A303),,,,,,,,,,,,,,,,,,,
區議會選區,,,性別／年齡組別,,,,,,,,,,,,,,,,,
,,,男,,,,,,女,,,,,,合計,,,,,
,,,< 15,15 - 24,25 - 44,45 - 64,65+,小計,< 15,15 - 24,25 - 44,45 - 64,65+,小計,< 15,15 - 24,25 - 44,45 - 64,65+,總計
中西區,-,中環,  727,  579, 2 324, 2 221,  966, 6 817,  511,  789, 2 582, 2 230, 1 123, 7 235, 1 238, 1 368, 4 906, 4 451, 2 089, 14 052
中西區,-,半山東,  885,  770, 2 799, 2 738, 1 133, 8 325,  878,  760, 3 683, 2 777, 1 222, 9 320, 1 763, 1 530, 6 482, 5 515, 2 355, 17 645
中西區,-,衛城, 1 315,  783, 2 394, 2 696,  990, 8 178, 1 250,  962, 4 639, 3 147, 1 084, 11 082, 2 565, 1 745, 7 033, 5 843, 2 074, 19 260
中西區,-,山頂, 1 465,  957, 2 254, 2 711,  782, 8 169, 1 537,  936, 5 522, 3 472,  795, 12 262, 3 002, 1 893, 7 776, 6 183, 1 577, 20 431
中西區,-,大學, 1 207, 1 147, 2 218, 2 590, 1 021, 8 183, 1 205, 1 253, 4 498, 3 172, 1 186, 11 314, 2 412, 2 400, 6 716, 5 762, 2 207, 19 497
中西區,-,堅摩, 1 035,  765, 2 807, 2 199, 1 009, 7 815, 1 017,  861, 3 428, 2 293, 1 163, 8 762, 2 052, 1 626, 6 235, 4 492, 2 172, 16 577
中西區,-,觀龍,  601,  891, 1 992, 1 969, 1 146, 6 599,  625,  760, 2 517, 2 210, 1 491, 7 603, 1 226, 1 651, 4 509, 4 179, 2 637, 14 202
中西區,-,西環,  838,  814, 2 145, 2 312, 1 002, 7 111,  738,  756, 2 694, 2 445, 1 199, 7 832, 1 576, 1 570, 4 839, 4 757, 2 201, 14 943
中西區,-,寶翠, 1 541, 1 093, 2 855, 2 996, 1 154, 9 639, 1 490, 1 178, 4 522, 3 228, 1 593, 12 011, 3 031, 2 271, 7 377, 6 224, 2 747, 21 650
中西區,-,石塘咀, 1 033, 1 036, 2 535, 2 363, 1 275, 8 242,  905,  999, 2 919, 2 566, 1 539, 8 928, 1 938, 2 035, 5 454, 4 929, 2 814, 17 170
中西區,-,西營盤,  780,  893, 2 183, 2 266, 1 287, 7 409,  788,  803, 2 335, 2 409, 1 468, 7 803, 1 568, 1 696, 4 518, 4 675, 2 755, 15 212
中西區,-,上環,  904,  932, 2 829, 2 374, 1 332, 8 371,  868,  916, 3 046, 2 520, 1 514, 8 864, 1 772, 1 848, 5 875, 4 894, 2 846, 17 235
中西區,-,東華,  768,  665, 2 451, 1 875,  776, 6 535,  579,  596, 2 723, 1 897, 1 054, 6 849, 1 347, 1 261, 5 174, 3 772, 1 830, 13 384
中西區,-,正街,  786,  875, 2 121, 2 387, 1 149, 7 318,  692,  792, 2 745, 2 423, 1 298, 7 950, 1 478, 1 667, 4 866, 4 810, 2 447, 15 268
中西區,-,水街,  862,  810, 2 067, 2 251, 1 001, 6 991,  718,  787, 2 733, 2 490, 1 274, 8 002, 1 580, 1 597, 4 800, 4 741, 2 275, 14 993
灣仔,-,軒尼詩,  629,  746, 2 053, 2 088,  991, 6 507,  584,  731, 2 063, 1 915, 1 188, 6 481, 1 213, 1 477, 4 116, 4 003, 2 179, 12 988
灣仔,-,愛群,  760,  788, 2 197, 2 046, 1 162, 6 953,  589,  747, 2 493, 2 238, 1 417, 7 484, 1 349, 1 535, 4 690, 4 284, 2 579, 14 437
灣仔,-,鵝頸,  583,  681, 2 019, 2 006, 1 145, 6 434,  539,  684, 2 234, 2 096, 1 398, 6 951, 1 122, 1 365, 4 253, 4 102, 2 543, 13 385
灣仔,-,銅鑼灣,  511,  600, 2 059, 1 957, 1 308, 6 435,  516,  535, 2 444, 2 197, 1 486, 7 178, 1 027, 1 135, 4 503, 4 154, 2 794, 13 613
灣仔,-,大坑,  701,  489, 1 879, 1 946,  901, 5 916,  680,  608, 2 855, 2 213, 1 215, 7 571, 1 381, 1 097, 4 734, 4 159, 2 116, 13 487
灣仔,-,渣甸山,  980,  756, 1 401, 2 270,  743, 6 150,  873,  825, 3 720, 2 906, 1 059, 9 383, 1 853, 1 581, 5 121, 5 176, 1 802, 15 533
灣仔,-,樂活, 1 110,  661, 1 475, 1 989,  714, 5 949, 1 060,  703, 3 392, 2 474,  939, 8 568, 2 170, 1 364, 4 867, 4 463, 1 653, 14 517
灣仔,-,跑馬地,  590,  330, 2 150, 1 850,  856, 5 776,  600,  406, 3 038, 2 183, 1 225, 7 452, 1 190,  736, 5 188, 4 033, 2 081, 13 228
灣仔,-,司徒拔道,  857,  606, 1 377, 1 956, 1 050, 5 846,  790,  584, 3 397, 2 704, 1 140, 8 615, 1 647, 1 190, 4 774, 4 660, 2 190, 14 461
灣仔,-,修頓,  766,  715, 2 138, 2 170,  879, 6 668,  781,  586, 2 689, 2 033, 1 017, 7 106, 1 547, 1 301, 4 827, 4 203, 1 896, 13 774
灣仔,-,大佛口,  541,  689, 2 300, 2 145,  876, 6 551,  541,  577, 2 244, 2 147, 1 125, 6 634, 1 082, 1 266, 4 544, 4 292, 2 001, 13 185
東區,-,太古城西, 1 220,  759, 1 953, 2 734, 1 046, 7 712, 1 180, 1 038, 3 775, 3 182, 1 184, 10 359, 2 400, 1 797, 5 728, 5 916, 2 230, 18 071
東區,-,太古城東, 1 045,  864, 2 113, 2 950, 1 408, 8 380, 1 154,  835, 3 857, 3 600, 1 546, 10 992, 2 199, 1 699, 5 970, 6 550, 2 954, 19 372
東區,-,鯉景灣, 1 206,  850, 2 688, 3 109, 1 558, 9 411, 1 103, 1 026, 3 875, 3 198, 1 650, 10 852, 2 309, 1 876, 6 563, 6 307, 3 208, 20 263
東區,-,愛秩序灣,  979, 1 004, 2 399, 2 756, 1 786, 8 924,  976,  935, 3 115, 2 941, 2 375, 10 342, 1 955, 1 939, 5 514, 5 697, 4 161, 19 266
東區,-,筲箕灣,  761,  785, 1 836, 2 374,  893, 6 649,  683,  746, 2 321, 2 243, 1 037, 7 030, 1 444, 1 531, 4 157, 4 617, 1 930, 13 679
東區,-,阿公岩, 1 113,  953, 2 982, 3 048, 1 684, 9 780, 1 094,  859, 3 491, 3 073, 2 096, 10 613, 2 207, 1 812, 6 473, 6 121, 3 780, 20 393
東區,-,杏花邨, 1 184, 1 058, 2 003, 3 519,  848, 8 612, 1 090, 1 135, 3 619, 3 672, 1 058, 10 574, 2 274, 2 193, 5 622, 7 191, 1 906, 19 186
東區,-,翠灣,  659,  834, 1 714, 2 112, 1 013, 6 332,  577,  786, 2 046, 2 211, 1 137, 6 757, 1 236, 1 620, 3 760, 4 323, 2 150, 13 089
東區,-,欣藍, 1 271,  990, 2 102, 2 775,  631, 7 769, 1 195,  825, 3 620, 2 774,  827, 9 241, 2 466, 1 815, 5 722, 5 549, 1 458, 17 010
東區,-,小西灣,  600, 1 033, 1 816, 2 334,  954, 6 737,  577, 1 071, 1 925, 2 415, 1 237, 7 225, 1 177, 2 104, 3 741, 4 749, 2 191, 13 962
東區,-,景怡,  881,  952, 1 805, 2 887,  980, 7 505,  839,  944, 2 554, 2 918, 1 266, 8 521, 1 720, 1 896, 4 359, 5 805, 2 246, 16 026
東區,-,環翠,  695, 1 169, 1 965, 2 302, 1 213, 7 344,  603, 1 019, 2 128, 2 610, 1 303, 7 663, 1 298, 2 188, 4 093, 4 912, 2 516, 15 007
東區,-,翡翠,  717,  942, 1 825, 2 437, 1 547, 7 468,  670,  847, 2 154, 2 660, 1 759, 8 090, 1 387, 1 789, 3 979, 5 097, 3 306, 15 558
東區,-,柏架山,  774,  682, 1 925, 2 044, 1 054, 6 479,  729,  705, 2 411, 2 218, 1 145, 7 208, 1 503, 1 387, 4 336, 4 262, 2 199, 13 687
東區,-,寶馬山, 1 120,  809, 1 565, 2 514,  803, 6 811, 1 122,  841, 4 178, 3 243,  972, 10 356, 2 242, 1 650, 5 743, 5 757, 1 775, 17 167
東區,-,天后,  598,  588, 1 751, 2 066, 1 512, 6 515,  500,  587, 2 554, 2 498, 1 616, 7 755, 1 098, 1 175, 4 305, 4 564, 3 128, 14 270
東區,-,炮台山,  859,  733, 1 971, 2 303, 1 157, 7 023,  845,  732, 3 352, 2 674, 1 436, 9 039, 1 704, 1 465, 5 323, 4 977, 2 593, 16 062
東區,-,維園,  653,  540, 1 837, 2 185, 1 168, 6 383,  667,  634, 2 783, 2 414, 1 369, 7 867, 1 320, 1 174, 4 620, 4 599, 2 537, 14 250
東區,-,城市花園,  810,  679, 1 974, 2 315, 1 129, 6 907,  761,  854, 3 082, 2 602, 1 407, 8 706, 1 571, 1 533, 5 056, 4 917, 2 536, 15 613
東區,-,和富,  975,  924, 2 606, 2 884, 1 842, 9 231,  907,  998, 3 630, 3 440, 2 057, 11 032, 1 882, 1 922, 6 236, 6 324, 3 899, 20 263
東區,-,堡壘,  902,  806, 2 130, 2 161,  938, 6 937,  863,  688, 2 723, 2 256, 1 304, 7 834, 1 765, 1 494, 4 853, 4 417, 2 242, 14 771
東區,-,錦屏,  961,  798, 2 264, 2 686, 1 346, 8 055,  884,  747, 2 977, 2 841, 1 500, 8 949, 1 845, 1 545, 5 241, 5 527, 2 846, 17 004
東區,-,丹拿,  826,  734, 1 826, 2 241,  897, 6 524,  707,  724, 3 059, 2 640, 1 076, 8 206, 1 533, 1 458, 4 885, 4 881, 1 973, 14 730
東區,-,健康村,  675,  810, 1 748, 2 235, 1 356, 6 824,  640,  944, 2 356, 2 390, 1 740, 8 070, 1 315, 1 754, 4 104, 4 625, 3 096, 14 894
東區,-,鰂魚涌,  717,  653, 2 010, 2 013, 1 185, 6 578,  622,  773, 2 515, 2 293, 1 249, 7 452, 1 339, 1 426, 4 525, 4 306, 2 434, 14 030
東區,-,南豐,  797,  682, 1 705, 2 228, 1 043, 6 455,  650,  663, 2 662, 2 621, 1 230, 7 826, 1 447, 1 345, 4 367, 4 849, 2 273, 14 281
東區,-,康怡,  987,  794, 1 760, 2 391,  694, 6 626,  921,  793, 3 045, 2 731,  820, 8 310, 1 908, 1 587, 4 805, 5 122, 1 514, 14 936
東區,-,康山,  774,  675, 1 610, 2 303,  849, 6 211,  733,  681, 2 576, 2 638, 1 338, 7 966, 1 507, 1 356, 4 186, 4 941, 2 187, 14 177
東區,-,興東,  980, 1 157, 2 295, 3 299, 1 297, 9 028,  959, 1 130, 3 023, 3 542, 1 513, 10 167, 1 939, 2 287, 5 318, 6 841, 2 810, 19 195
東區,-,西灣河, 1 054,  929, 2 552, 3 177, 1 334, 9 046,  958,  985, 3 463, 3 204, 1 531, 10 141, 2 012, 1 914, 6 015, 6 381, 2 865, 19 187
東區,-,下耀東,  843, 1 102, 2 068, 2 701, 1 238, 7 952,  714, 1 169, 2 464, 2 702, 1 428, 8 477, 1 557, 2 271, 4 532, 5 403, 2 666, 16 429
東區,-,上耀東,  618, 1 076, 1 464, 2 287,  913, 6 358,  531, 1 042, 1 728, 2 451,  990, 6 742, 1 149, 2 118, 3 192, 4 738, 1 903, 13 100
東區,-,興民,  656, 1 110, 1 749, 2 403, 1 141, 7 059,  710, 1 133, 1 966, 2 582, 1 411, 7 802, 1 366, 2 243, 3 715, 4 985, 2 552, 14 861
東區,-,樂康,  594,  782, 1 451, 2 133,  749, 5 709,  585,  743, 1 995, 2 428,  904, 6 655, 1 179, 1 525, 3 446, 4 561, 1 653, 12 364
東區,-,翠德,  772,  877, 1 815, 2 165,  761, 6 390,  813,  807, 2 449, 2 226,  830, 7 125, 1 585, 1 684, 4 264, 4 391, 1 591, 13 515
東區,-,漁灣,  929,  922, 1 719, 2 388, 1 248, 7 206,  727,  864, 2 136, 2 446, 1 401, 7 574, 1 656, 1 786, 3 855, 4 834, 2 649, 14 780
東區,-,佳曉,  666, 1 059, 1 752, 2 193,  946, 6 616,  609,  970, 2 005, 2 467,  979, 7 030, 1 275, 2 029, 3 757, 4 660, 1 925, 13 646
南區,-,香港仔, 1 094, 1 165, 2 901, 3 114, 1 087, 9 361, 1 042, 1 259, 3 862, 3 201, 1 308, 10 672, 2 136, 2 424, 6 763, 6 315, 2 395, 20 033
南區,-,鴨脷洲邨,  599,  745, 1 999, 1 767, 1 203, 6 313,  486,  791, 1 908, 2 248, 1 330, 6 763, 1 085, 1 536, 3 907, 4 015, 2 533, 13 076
南區,-,鴨脷洲北,  825,  723, 1 874, 2 023,  629, 6 074,  782,  783, 2 614, 2 058,  873, 7 110, 1 607, 1 506, 4 488, 4 081, 1 502, 13 184
南區,-,利東一,  497, 1 094, 2 248, 2 560,  740, 7 139,  466, 1 104, 2 408, 3 029,  701, 7 708,  963, 2 198, 4 656, 5 589, 1 441, 14 847
南區,-,利東二,  443,  749, 1 953, 2 221, 1 200, 6 566,  361,  699, 1 915, 2 668, 1 256, 6 899,  804, 1 448, 3 868, 4 889, 2 456, 13 465
南區,-,海怡東, 1 173,  924, 1 425, 2 818,  478, 6 818, 1 135,  917, 3 093, 2 708,  744, 8 597, 2 308, 1 841, 4 518, 5 526, 1 222, 15 415
南區,-,海怡西, 1 215, 1 043, 1 392, 2 813,  549, 7 012, 1 103, 1 106, 3 130, 3 006,  745, 9 090, 2 318, 2 149, 4 522, 5 819, 1 294, 16 102
南區,-,華貴,  599,  970, 1 768, 2 446, 1 294, 7 077,  517,  976, 2 160, 2 673, 1 514, 7 840, 1 116, 1 946, 3 928, 5 119, 2 808, 14 917
南區,-,華富一,  608,  855, 1 498, 1 711, 1 447, 6 119,  573,  806, 1 798, 2 107, 1 729, 7 013, 1 181, 1 661, 3 296, 3 818, 3 176, 13 132
南區,-,華富二,  810,  941, 2 006, 2 101, 1 366, 7 224,  651, 1 031, 2 145, 2 461, 1 309, 7 597, 1 461, 1 972, 4 151, 4 562, 2 675, 14 821
南區,-,薄扶林, 1 686, 1 149, 2 014, 2 846,  728, 8 423, 1 580, 1 124, 4 919, 3 432, 1 022, 12 077, 3 266, 2 273, 6 933, 6 278, 1 750, 20 500
南區,-,置富,  833,  942, 1 743, 2 663, 1 019, 7 200,  817,  962, 3 143, 3 239, 1 180, 9 341, 1 650, 1 904, 4 886, 5 902, 2 199, 16 541
南區,-,田灣,  960, 1 093, 2 351, 2 547, 1 380, 8 331,  795, 1 165, 2 728, 2 661, 1 746, 9 095, 1 755, 2 258, 5 079, 5 208, 3 126, 17 426
南區,-,石漁,  959, 1 194, 2 591, 2 886, 1 846, 9 476,  872, 1 163, 2 729, 3 038, 2 066, 9 868, 1 831, 2 357, 5 320, 5 924, 3 912, 19 344
南區,-,黃竹坑,  750,  656, 2 293, 2 322, 1 379, 7 400,  711,  594, 2 891, 2 355, 2 061, 8 612, 1 461, 1 250, 5 184, 4 677, 3 440, 16 012
南區,-,海灣, 1 415,  843, 1 503, 2 354,  569, 6 684, 1 240,  671, 4 207, 3 294,  470, 9 882, 2 655, 1 514, 5 710, 5 648, 1 039, 16 566
南區,-,赤柱及石澳, 1 581, 1 362, 3 506, 4 032,  961, 11 442, 1 595, 1 252, 4 609, 3 436,  940, 11 832, 3 176, 2 614, 8 115, 7 468, 1 901, 23 274
油尖旺,-,尖沙咀西, 1 417,  572, 2 365, 2 614,  549, 7 517, 1 366,  602, 4 401, 2 595,  591, 9 555, 2 783, 1 174, 6 766, 5 209, 1 140, 17 072
油尖旺,-,佐敦東, 1 101,  903, 2 807, 2 870, 1 688, 9 369, 1 072,  968, 4 042, 3 225, 1 890, 11 197, 2 173, 1 871, 6 849, 6 095, 3 578, 20 566
油尖旺,-,佐敦西, 1 381, 1 018, 3 023, 2 879, 1 540, 9 841, 1 211, 1 037, 3 721, 3 165, 1 707, 10 841, 2 592, 2 055, 6 744, 6 044, 3 247, 20 682
油尖旺,-,油麻地, 1 486, 1 141, 3 116, 3 295, 1 534, 10 572, 1 386, 1 034, 4 338, 3 286, 1 602, 11 646, 2 872, 2 175, 7 454, 6 581, 3 136, 22 218
油尖旺,-,富榮, 1 168,  799, 2 557, 2 401, 1 123, 8 048, 1 180,  725, 3 674, 2 737, 1 397, 9 713, 2 348, 1 524, 6 231, 5 138, 2 520, 17 761
油尖旺,-,旺角西, 1 320, 1 075, 2 859, 2 914, 1 387, 9 555, 1 181, 1 103, 3 511, 3 056, 1 578, 10 429, 2 501, 2 178, 6 370, 5 970, 2 965, 19 984
油尖旺,-,富柏, 1 584, 1 229, 2 513, 2 579, 1 249, 9 154, 1 560, 1 148, 4 023, 2 715, 1 499, 10 945, 3 144, 2 377, 6 536, 5 294, 2 748, 20 099
油尖旺,-,奧運, 1 118,  423, 2 639, 1 674,  339, 6 193, 1 001,  513, 4 075, 1 718,  424, 7 731, 2 119,  936, 6 714, 3 392,  763, 13 924
油尖旺,-,櫻桃,  869,  726, 1 792, 1 873,  879, 6 139,  761,  642, 2 166, 2 015, 1 007, 6 591, 1 630, 1 368, 3 958, 3 888, 1 886, 12 730
油尖旺,-,大角咀南,  817,  886, 2 062, 1 992, 1 257, 7 014,  774,  868, 2 338, 2 218, 1 332, 7 530, 1 591, 1 754, 4 400, 4 210, 2 589, 14 544
油尖旺,-,大角咀北, 1 452,  884, 3 331, 2 215,  947, 8 829, 1 369,  850, 4 364, 2 338, 1 056, 9 977, 2 821, 1 734, 7 695, 4 553, 2 003, 18 806
油尖旺,-,大南, 1 302, 1 127, 2 869, 3 447, 1 477, 10 222, 1 202, 1 183, 3 693, 3 225, 1 744, 11 047, 2 504, 2 310, 6 562, 6 672, 3 221, 21 269
油尖旺,-,旺角北,  903,  892, 2 226, 2 543, 1 513, 8 077,  812,  847, 2 778, 2 666, 1 539, 8 642, 1 715, 1 739, 5 004, 5 209, 3 052, 16 719
油尖旺,-,旺角東,  627,  694, 2 157, 2 067, 1 216, 6 761,  670,  682, 2 969, 2 384, 1 610, 8 315, 1 297, 1 376, 5 126, 4 451, 2 826, 15 076
油尖旺,-,旺角南,  874,  830, 1 880, 2 183, 1 349, 7 116,  693,  771, 2 572, 2 541, 1 606, 8 183, 1 567, 1 601, 4 452, 4 724, 2 955, 15 299
油尖旺,-,京士柏, 1 142,  858, 2 346, 2 602, 1 168, 8 116, 1 152,  881, 4 063, 2 923, 1 608, 10 627, 2 294, 1 739, 6 409, 5 525, 2 776, 18 743
油尖旺,-,尖沙咀東,  997,  694, 3 826, 3 275, 1 493, 10 285, 1 024,  941, 4 848, 3 496, 1 792, 12 101, 2 021, 1 635, 8 674, 6 771, 3 285, 22 386
深水埗,-,寶麗,  960,  971, 1 702, 2 263,  919, 6 815,  888,  829, 2 606, 2 132, 1 127, 7 582, 1 848, 1 800, 4 308, 4 395, 2 046, 14 397
深水埗,-,長沙灣,  914,  904, 2 172, 2 500, 1 188, 7 678,  834,  961, 3 035, 2 649, 1 471, 8 950, 1 748, 1 865, 5 207, 5 149, 2 659, 16 628
深水埗,-,南昌北, 1 605, 1 469, 3 275, 3 347, 1 719, 11 415, 1 406, 1 718, 4 035, 3 358, 1 813, 12 330, 3 011, 3 187, 7 310, 6 705, 3 532, 23 745
深水埗,-,石硤尾及南昌東, 1 244, 1 187, 2 265, 3 100, 1 834, 9 630, 1 154, 1 245, 2 881, 3 216, 2 168, 10 664, 2 398, 2 432, 5 146, 6 316, 4 002, 20 294
深水埗,-,南昌南, 1 391, 1 411, 3 014, 3 449, 1 691, 10 956, 1 345, 1 436, 3 929, 3 412, 1 686, 11 808, 2 736, 2 847, 6 943, 6 861, 3 377, 22 764
深水埗,-,南昌中, 1 663, 1 512, 3 070, 3 545, 1 768, 11 558, 1 493, 1 577, 3 933, 3 176, 1 933, 12 112, 3 156, 3 089, 7 003, 6 721, 3 701, 23 670
深水埗,-,南昌西,  749,  880, 1 673, 2 230, 1 147, 6 679,  750,  824, 1 981, 2 007, 1 221, 6 783, 1 499, 1 704, 3 654, 4 237, 2 368, 13 462
深水埗,-,富昌,  852, 1 731, 1 525, 2 416, 1 781, 8 305,  829, 1 596, 1 980, 3 031, 1 276, 8 712, 1 681, 3 327, 3 505, 5 447, 3 057, 17 017
深水埗,-,麗閣,  607,  719, 1 551, 2 209, 1 733, 6 819,  595,  662, 1 854, 2 603, 2 288, 8 002, 1 202, 1 381, 3 405, 4 812, 4 021, 14 821
深水埗,-,幸福, 1 189, 1 069, 2 611, 3 011, 1 582, 9 462, 1 120, 1 062, 3 474, 2 988, 1 794, 10 438, 2 309, 2 131, 6 085, 5 999, 3 376, 19 900
深水埗,-,荔枝角南, 1 965, 1 628, 3 062, 2 908,  814, 10 377, 1 859, 1 549, 4 121, 3 048,  798, 11 375, 3 824, 3 177, 7 183, 5 956, 1 612, 21 752
深水埗,-,美孚南,  982,  668, 2 125, 2 395, 1 299, 7 469,  850,  771, 4 036, 2 818, 1 416, 9 891, 1 832, 1 439, 6 161, 5 213, 2 715, 17 360
深水埗,-,美孚中,  739,  529, 1 638, 1 843, 1 030, 5 779,  702,  594, 2 943, 2 355, 1 350, 7 944, 1 441, 1 123, 4 581, 4 198, 2 380, 13 723
深水埗,-,美孚北,  861,  756, 2 541, 2 287, 1 148, 7 593,  806,  623, 3 235, 2 658, 1 387, 8 709, 1 667, 1 379, 5 776, 4 945, 2 535, 16 302
深水埗,-,荔枝角北, 1 671,  619, 3 740, 2 253,  520, 8 803, 1 483,  752, 5 752, 2 272,  659, 10 918, 3 154, 1 371, 9 492, 4 525, 1 179, 19 721
深水埗,-,元州及蘇屋,  984, 1 156, 2 382, 2 889, 2 563, 9 974,  874, 1 050, 2 840, 3 152, 3 151, 11 067, 1 858, 2 206, 5 222, 6 041, 5 714, 21 041
深水埗,-,李鄭屋,  510,  794, 1 626, 2 212, 1 323, 6 465,  472,  826, 1 913, 2 311, 1 849, 7 371,  982, 1 620, 3 539, 4 523, 3 172, 13 836
深水埗,-,下白田,  951, 1 334, 1 845, 2 746, 1 755, 8 631,  978, 1 189, 2 263, 3 010, 1 949, 9 389, 1 929, 2 523, 4 108, 5 756, 3 704, 18 020
深水埗,-,又一村, 1 114,  841, 1 572, 2 097,  664, 6 288,  968, 1 014, 3 371, 2 387, 1 092, 8 832, 2 082, 1 855, 4 943, 4 484, 1 756, 15 120
深水埗,-,南山、大坑東及大坑西,  872,  951, 2 085, 3 119, 2 206, 9 233,  793,  968, 2 786, 3 342, 2 940, 10 829, 1 665, 1 919, 4 871, 6 461, 5 146, 20 062
深水埗,-,龍坪及上白田, 1 066, 1 055, 1 810, 2 665, 1 220, 7 816,  881,  981, 2 882, 3 083, 1 577, 9 404, 1 947, 2 036, 4 692, 5 748, 2 797, 17 220
九龍城,-,馬頭圍,  886, 1 106, 1 768, 2 560, 1 589, 7 909,  927, 1 077, 2 784, 3 006, 1 952, 9 746, 1 813, 2 183, 4 552, 5 566, 3 541, 17 655
九龍城,-,馬坑涌, 1 352, 1 227, 2 885, 2 788, 1 069, 9 321, 1 159, 1 170, 3 640, 2 843, 1 270, 10 082, 2 511, 2 397, 6 525, 5 631, 2 339, 19 403
九龍城,-,馬頭角,  787,  957, 2 140, 2 353, 1 306, 7 543,  706,  882, 2 400, 2 286, 1 646, 7 920, 1 493, 1 839, 4 540, 4 639, 2 952, 15 463
九龍城,-,樂民,  766,  860, 1 905, 2 269, 1 540, 7 340,  732,  832, 2 517, 2 565, 1 719, 8 365, 1 498, 1 692, 4 422, 4 834, 3 259, 15 705
九龍城,-,常樂,  766,  930, 1 971, 2 415, 1 843, 7 925,  750,  954, 2 447, 2 492, 2 222, 8 865, 1 516, 1 884, 4 418, 4 907, 4 065, 16 790
九龍城,-,何文田, 1 124, 1 026, 2 096, 3 115, 1 684, 9 045, 1 124,  987, 4 363, 3 723, 2 217, 12 414, 2 248, 2 013, 6 459, 6 838, 3 901, 21 459
九龍城,-,嘉道理,  992,  758, 2 034, 2 408, 1 387, 7 579,  848,  863, 3 841, 2 974, 1 723, 10 249, 1 840, 1 621, 5 875, 5 382, 3 110, 17 828
九龍城,-,太子, 1 160,  793, 1 560, 2 245, 1 127, 6 885,  961,  765, 3 566, 2 636, 1 468, 9 396, 2 121, 1 558, 5 126, 4 881, 2 595, 16 281
九龍城,-,九龍塘, 1 319,  892, 1 812, 2 351, 1 287, 7 661, 1 193,  947, 4 348, 2 911, 1 661, 11 060, 2 512, 1 839, 6 160, 5 262, 2 948, 18 721
九龍城,-,龍城,  967,  831, 2 194, 2 361, 1 095, 7 448,  886,  914, 2 568, 2 030, 1 361, 7 759, 1 853, 1 745, 4 762, 4 391, 2 456, 15 207
九龍城,-,啓德, 1 532, 1 324, 3 545, 3 457, 1 267, 11 125, 1 418, 1 173, 4 132, 3 103, 1 312, 11 138, 2 950, 2 497, 7 677, 6 560, 2 579, 22 263
九龍城,-,海心,  822,  845, 2 456, 2 212, 1 399, 7 734,  906,  809, 2 521, 2 361, 1 775, 8 372, 1 728, 1 654, 4 977, 4 573, 3 174, 16 106
九龍城,-,土瓜灣北,  833,  872, 2 102, 2 070, 1 050, 6 927,  759,  779, 2 090, 2 002, 1 115, 6 745, 1 592, 1 651, 4 192, 4 072, 2 165, 13 672
九龍城,-,土瓜灣南,  870,  911, 2 434, 2 343,  922, 7 480,  804,  891, 2 505, 2 493,  833, 7 526, 1 674, 1 802, 4 939, 4 836, 1 755, 15 006
九龍城,-,鶴園海逸, 1 448, 1 057, 2 533, 2 807,  900, 8 745, 1 420,  981, 3 919, 2 935,  818, 10 073, 2 868, 2 038, 6 452, 5 742, 1 718, 18 818
九龍城,-,黃埔東, 1 249, 1 036, 1 918, 3 002,  951, 8 156, 1 252, 1 115, 3 611, 3 302, 1 065, 10 345, 2 501, 2 151, 5 529, 6 304, 2 016, 18 501
九龍城,-,黃埔西, 1 423, 1 376, 3 345, 2 948,  922, 10 014, 1 371, 1 390, 4 899, 2 974, 1 145, 11 779, 2 794, 2 766, 8 244, 5 922, 2 067, 21 793
九龍城,-,紅磡灣, 1 132,  935, 2 840, 2 486, 1 131, 8 524, 1 067,  913, 3 674, 2 734, 1 330, 9 718, 2 199, 1 848, 6 514, 5 220, 2 461, 18 242
九龍城,-,紅磡,  756,  784, 2 400, 2 179, 1 224, 7 343,  683,  763, 2 419, 1 800, 1 286, 6 951, 1 439, 1 547, 4 819, 3 979, 2 510, 14 294
九龍城,-,家維,  730,  907, 1 841, 2 291, 1 417, 7 186,  622,  866, 2 314, 2 577, 1 940, 8 319, 1 352, 1 773, 4 155, 4 868, 3 357, 15 505
九龍城,-,愛民,  897,  791, 1 917, 1 857, 1 315, 6 777,  769,  835, 2 467, 2 351, 1 448, 7 870, 1 666, 1 626, 4 384, 4 208, 2 763, 14 647
九龍城,-,愛俊,  682,  878, 1 653, 2 029, 1 340, 6 582,  618,  919, 2 114, 2 415, 1 344, 7 410, 1 300, 1 797, 3 767, 4 444, 2 684, 13 992
黃大仙,-,龍趣,  699,  956, 1 513, 2 128, 1 141, 6 437,  652,  903, 1 887, 2 049, 1 628, 7 119, 1 351, 1 859, 3 400, 4 177, 2 769, 13 556
黃大仙,-,龍下,  512,  755, 1 384, 2 219, 1 193, 6 063,  494,  791, 1 889, 2 315, 1 494, 6 983, 1 006, 1 546, 3 273, 4 534, 2 687, 13 046
黃大仙,-,龍上, 1 084, 1 434, 2 214, 3 141, 2 179, 10 052,  953, 1 360, 2 879, 3 444, 2 662, 11 298, 2 037, 2 794, 5 093, 6 585, 4 841, 21 350
黃大仙,-,鳳凰,  974,  887, 2 072, 2 218,  935, 7 086, 1 017,  979, 3 099, 2 378, 1 250, 8 723, 1 991, 1 866, 5 171, 4 596, 2 185, 15 809
黃大仙,-,鳳德,  729,  916, 1 744, 2 771, 1 517, 7 677,  714, 1 039, 2 334, 2 742, 2 087, 8 916, 1 443, 1 955, 4 078, 5 513, 3 604, 16 593
黃大仙,-,龍星, 1 298, 1 235, 2 446, 3 131,  765, 8 875, 1 190, 1 202, 3 795, 3 470, 1 361, 11 018, 2 488, 2 437, 6 241, 6 601, 2 126, 19 893
黃大仙,-,新蒲崗, 1 450, 1 019, 2 911, 3 146, 1 398, 9 924, 1 367, 1 079, 4 140, 3 172, 1 637, 11 395, 2 817, 2 098, 7 051, 6 318, 3 035, 21 319
黃大仙,-,東頭,  737,  889, 1 996, 2 259, 1 570, 7 451,  821,  946, 2 858, 2 556, 1 528, 8 709, 1 558, 1 835, 4 854, 4 815, 3 098, 16 160
黃大仙,-,東美,  800,  825, 1 836, 2 158, 1 403, 7 022,  743,  791, 2 557, 2 319, 1 671, 8 081, 1 543, 1 616, 4 393, 4 477, 3 074, 15 103
黃大仙,-,樂富,  745,  805, 1 783, 2 474, 1 321, 7 128,  770,  770, 2 433, 2 402, 1 867, 8 242, 1 515, 1 575, 4 216, 4 876, 3 188, 15 370
黃大仙,-,橫頭磡,  788, 1 120, 2 173, 2 841, 1 627, 8 549,  704, 1 193, 2 653, 2 971, 2 020, 9 541, 1 492, 2 313, 4 826, 5 812, 3 647, 18 090
黃大仙,-,天強,  707,  908, 1 555, 2 548,  941, 6 659,  622,  823, 2 367, 2 892, 1 155, 7 859, 1 329, 1 731, 3 922, 5 440, 2 096, 14 518
黃大仙,-,翠竹及鵬程,  809, 1 032, 2 320, 2 970, 1 368, 8 499,  821, 1 102, 2 910, 3 157, 1 681, 9 671, 1 630, 2 134, 5 230, 6 127, 3 049, 18 170
黃大仙,-,竹園南,  719,  931, 1 784, 2 228, 1 629, 7 291,  690,  916, 2 123, 2 746, 1 843, 8 318, 1 409, 1 847, 3 907, 4 974, 3 472, 15 609
黃大仙,-,竹園北,  621,  789, 2 318, 2 347, 1 502, 7 577,  629,  813, 2 716, 2 736, 1 795, 8 689, 1 250, 1 602, 5 034, 5 083, 3 297, 16 266
黃大仙,-,慈雲西,  959, 1 759, 1 975, 2 959, 1 634, 9 286,  834, 1 773, 2 538, 3 251, 1 866, 10 262, 1 793, 3 532, 4 513, 6 210, 3 500, 19 548
黃大仙,-,正愛, 1 189, 1 118, 2 076, 2 536, 1 081, 8 000, 1 094, 1 103, 3 154, 2 828,  995, 9 174, 2 283, 2 221, 5 230, 5 364, 2 076, 17 174
黃大仙,-,正安, 1 141, 1 930, 1 992, 3 117, 1 876, 10 056, 1 067, 1 802, 2 683, 3 335, 1 743, 10 630, 2 208, 3 732, 4 675, 6 452, 3 619, 20 686
黃大仙,-,慈雲東, 1 265, 1 679, 2 373, 3 039, 1 392, 9 748, 1 139, 1 700, 3 087, 3 204, 1 587, 10 717, 2 404, 3 379, 5 460, 6 243, 2 979, 20 465
黃大仙,-,瓊富, 1 040,  996, 2 445, 2 960, 1 577, 9 018,  977, 1 035, 3 440, 3 354, 1 884, 10 690, 2 017, 2 031, 5 885, 6 314, 3 461, 19 708
黃大仙,-,彩雲東,  990, 1 169, 1 885, 2 394,  803, 7 241,  929, 1 261, 2 676, 2 541,  779, 8 186, 1 919, 2 430, 4 561, 4 935, 1 582, 15 427
黃大仙,-,彩雲南,  661,  972, 1 689, 1 868, 1 232, 6 422,  563,  884, 1 804, 2 230, 1 308, 6 789, 1 224, 1 856, 3 493, 4 098, 2 540, 13 211
黃大仙,-,彩雲西,  715,  840, 1 355, 1 725,  921, 5 556,  486,  840, 1 647, 2 028, 1 026, 6 027, 1 201, 1 680, 3 002, 3 753, 1 947, 11 583
黃大仙,-,池彩, 1 014,  864, 2 128, 2 346,  976, 7 328,  895,  906, 3 146, 2 502, 1 353, 8 802, 1 909, 1 770, 5 274, 4 848, 2 329, 16 130
黃大仙,-,彩虹,  697, 1 047, 1 506, 2 206, 1 782, 7 238,  662, 1 028, 1 826, 2 592, 2 053, 8 161, 1 359, 2 075, 3 332, 4 798, 3 835, 15 399
觀塘,-,觀塘中心,  918,  921, 2 154, 2 400, 1 320, 7 713,  858, 1 012, 2 770, 2 365, 1 395, 8 400, 1 776, 1 933, 4 924, 4 765, 2 715, 16 113
觀塘,-,九龍灣,  997,  638, 2 102, 1 939,  497, 6 173,  945,  623, 3 276, 2 081,  602, 7 527, 1 942, 1 261, 5 378, 4 020, 1 099, 13 700
觀塘,-,啓業,  578,  655, 1 902, 2 168, 1 667, 6 970,  605,  677, 2 639, 2 655, 2 124, 8 700, 1 183, 1 332, 4 541, 4 823, 3 791, 15 670
觀塘,-,麗晶,  694,  958, 1 937, 2 851,  796, 7 236,  687,  907, 2 657, 3 173, 1 034, 8 458, 1 381, 1 865, 4 594, 6 024, 1 830, 15 694
觀塘,-,坪石,  631,  835, 1 572, 1 939, 1 542, 6 519,  521,  943, 1 864, 2 137, 1 854, 7 319, 1 152, 1 778, 3 436, 4 076, 3 396, 13 838
觀塘,-,雙彩, 1 695, 1 074, 1 747, 2 621, 1 049, 8 186, 1 606, 1 027, 3 242, 2 372, 1 023, 9 270, 3 301, 2 101, 4 989, 4 993, 2 072, 17 456
觀塘,-,佐敦谷, 1 248, 1 174, 2 632, 3 232, 1 419, 9 705, 1 159, 1 146, 3 375, 3 276, 1 734, 10 690, 2 407, 2 320, 6 007, 6 508, 3 153, 20 395
觀塘,-,順天,  826, 1 123, 2 634, 2 811, 2 062, 9 456,  826, 1 119, 2 733, 3 397, 2 166, 10 241, 1 652, 2 242, 5 367, 6 208, 4 228, 19 697
觀塘,-,雙順, 1 459, 1 068, 2 721, 2 229,  934, 8 411, 1 488,  966, 3 780, 2 226, 1 158, 9 618, 2 947, 2 034, 6 501, 4 455, 2 092, 18 029
觀塘,-,安利,  514,  695, 1 718, 1 850, 1 713, 6 490,  497,  644, 1 837, 2 454, 1 855, 7 287, 1 011, 1 339, 3 555, 4 304, 3 568, 13 777
觀塘,-,寶達, 1 645, 2 439, 2 512, 3 305, 1 908, 11 809, 1 474, 2 168, 3 216, 3 813, 1 190, 11 861, 3 119, 4 607, 5 728, 7 118, 3 098, 23 670
觀塘,-,秀茂坪北, 1 206, 1 540, 2 658, 2 774, 2 114, 10 292, 1 039, 1 471, 3 026, 3 312, 2 111, 10 959, 2 245, 3 011, 5 684, 6 086, 4 225, 21 251
觀塘,-,曉麗, 1 025, 1 108, 2 279, 3 091, 1 105, 8 608,  997, 1 012, 3 131, 3 275, 1 341, 9 756, 2 022, 2 120, 5 410, 6 366, 2 446, 18 364
觀塘,-,秀茂坪南, 1 928, 2 089, 2 873, 3 515, 2 078, 12 483, 1 724, 1 971, 3 977, 3 887, 1 881, 13 440, 3 652, 4 060, 6 850, 7 402, 3 959, 25 923
觀塘,-,興田,  739,  986, 2 377, 2 610, 1 363, 8 075,  731, 1 035, 2 887, 2 921, 1 645, 9 219, 1 470, 2 021, 5 264, 5 531, 3 008, 17 294
觀塘,-,藍田, 1 546, 1 317, 2 816, 3 058, 1 649, 10 386, 1 414, 1 220, 3 973, 3 058, 1 895, 11 560, 2 960, 2 537, 6 789, 6 116, 3 544, 21 946
觀塘,-,廣德,  823, 1 068, 2 680, 2 624, 2 076, 9 271,  870, 1 123, 3 017, 3 056, 2 162, 10 228, 1 693, 2 191, 5 697, 5 680, 4 238, 19 499
觀塘,-,平田,  894, 1 304, 1 918, 2 302, 1 449, 7 867,  828, 1 301, 2 392, 2 381, 1 572, 8 474, 1 722, 2 605, 4 310, 4 683, 3 021, 16 341
觀塘,-,栢雅,  736,  744, 1 598, 2 296,  785, 6 159,  705,  710, 2 344, 2 530,  975, 7 264, 1 441, 1 454, 3 942, 4 826, 1 760, 13 423
觀塘,-,油塘東, 1 650, 1 518, 2 794, 2 770, 1 425, 10 157, 1 602, 1 366, 3 889, 2 956, 1 627, 11 440, 3 252, 2 884, 6 683, 5 726, 3 052, 21 597
觀塘,-,油麗, 1 294, 1 096, 1 765, 1 912,  741, 6 808, 1 256, 1 059, 2 419, 1 936,  726, 7 396, 2 550, 2 155, 4 184, 3 848, 1 467, 14 204
觀塘,-,翠翔, 1 819, 1 026, 3 313, 2 068,  908, 9 134, 1 695, 1 175, 4 401, 2 101, 1 045, 10 417, 3 514, 2 201, 7 714, 4 169, 1 953, 19 551
觀塘,-,油塘西, 1 316, 1 466, 2 186, 2 972, 1 634, 9 574, 1 152, 1 303, 3 143, 3 181, 1 653, 10 432, 2 468, 2 769, 5 329, 6 153, 3 287, 20 006
觀塘,-,麗港城, 1 753, 1 301, 2 396, 3 956,  830, 10 236, 1 759, 1 347, 5 129, 4 069,  979, 13 283, 3 512, 2 648, 7 525, 8 025, 1 809, 23 519
觀塘,-,景田, 1 585, 1 184, 2 797, 3 172,  775, 9 513, 1 529, 1 206, 4 759, 3 463, 1 101, 12 058, 3 114, 2 390, 7 556, 6 635, 1 876, 21 571
觀塘,-,翠屏,  932, 1 188, 2 290, 2 854, 1 960, 9 224,  902, 1 141, 2 745, 3 227, 2 393, 10 408, 1 834, 2 329, 5 035, 6 081, 4 353, 19 632
觀塘,-,寶樂,  621,  879, 1 694, 2 218, 1 283, 6 695,  658,  875, 2 374, 2 556, 1 545, 8 008, 1 279, 1 754, 4 068, 4 774, 2 828, 14 703
觀塘,-,月華,  796,  681, 1 966, 1 704, 1 051, 6 198,  667,  735, 2 636, 2 086, 1 194, 7 318, 1 463, 1 416, 4 602, 3 790, 2 245, 13 516
觀塘,-,協康, 1 042, 1 039, 2 037, 2 372, 1 369, 7 859,  946, 1 009, 2 769, 2 517, 1 651, 8 892, 1 988, 2 048, 4 806, 4 889, 3 020, 16 751
觀塘,-,康樂, 1 034,  847, 2 112, 2 273, 1 084, 7 350,  891,  958, 3 155, 2 428, 1 530, 8 962, 1 925, 1 805, 5 267, 4 701, 2 614, 16 312
觀塘,-,定安,  925,  992, 1 952, 2 650, 1 520, 8 039,  820, 1 035, 2 567, 2 865, 1 829, 9 116, 1 745, 2 027, 4 519, 5 515, 3 349, 17 155
觀塘,-,牛頭角,  951,  950, 1 560, 2 627, 1 937, 8 025,  797,  910, 2 095, 2 359, 2 325, 8 486, 1 748, 1 860, 3 655, 4 986, 4 262, 16 511
觀塘,-,淘大,  853,  868, 2 755, 2 485,  924, 7 885,  800,  894, 3 975, 2 707, 1 198, 9 574, 1 653, 1 762, 6 730, 5 192, 2 122, 17 459
觀塘,-,樂華北,  591,  706, 2 053, 1 874, 1 498, 6 722,  565,  663, 2 106, 2 492, 1 508, 7 334, 1 156, 1 369, 4 159, 4 366, 3 006, 14 056
觀塘,-,樂華南,  592,  610, 1 538, 2 054, 1 416, 6 210,  526,  644, 2 026, 2 562, 1 561, 7 319, 1 118, 1 254, 3 564, 4 616, 2 977, 13 529
葵青,-,葵興, 1 122, 1 113, 2 471, 3 069, 1 905, 9 680,  994, 1 149, 3 245, 2 959, 2 429, 10 776, 2 116, 2 262, 5 716, 6 028, 4 334, 20 456
葵青,-,葵盛東邨,  876, 1 629, 2 012, 2 720, 1 661, 8 898,  854, 1 578, 2 406, 3 060, 1 833, 9 731, 1 730, 3 207, 4 418, 5 780, 3 494, 18 629
葵青,-,上大窩口,  794,  709, 1 805, 1 800, 1 288, 6 396,  720,  696, 2 122, 1 969, 1 565, 7 072, 1 514, 1 405, 3 927, 3 769, 2 853, 13 468
葵青,-,下大窩口,  634,  859, 1 862, 1 939, 1 202, 6 496,  560,  889, 2 063, 2 289, 1 417, 7 218, 1 194, 1 748, 3 925, 4 228, 2 619, 13 714
葵青,-,葵涌邨北, 2 183, 1 430, 2 368, 2 768,  581, 9 330, 2 054, 1 232, 3 695, 2 583,  440, 10 004, 4 237, 2 662, 6 063, 5 351, 1 021, 19 334
葵青,-,葵涌邨中, 1 567,  878, 1 958, 1 776,  420, 6 599, 1 450,  778, 3 057, 1 659,  521, 7 465, 3 017, 1 656, 5 015, 3 435,  941, 14 064
葵青,-,石蔭, 1 317, 1 497, 2 602, 2 938, 1 719, 10 073, 1 223, 1 597, 3 400, 2 963, 2 099, 11 282, 2 540, 3 094, 6 002, 5 901, 3 818, 21 355
葵青,-,安蔭,  856,  821, 2 446, 1 925, 1 963, 8 011,  848,  911, 2 597, 2 177, 2 265, 8 798, 1 704, 1 732, 5 043, 4 102, 4 228, 16 809
葵青,-,新石籬, 1 003, 1 227, 2 829, 2 791, 1 929, 9 779,  973, 1 202, 3 103, 3 230, 2 209, 10 717, 1 976, 2 429, 5 932, 6 021, 4 138, 20 496
葵青,-,石籬, 1 768, 1 745, 2 303, 2 770, 1 191, 9 777, 1 640, 1 650, 3 247, 2 625,  962, 10 124, 3 408, 3 395, 5 550, 5 395, 2 153, 19 901
葵青,-,大白田, 1 330, 1 441, 2 986, 3 155, 1 399, 10 311, 1 217, 1 297, 4 135, 3 142, 1 779, 11 570, 2 547, 2 738, 7 121, 6 297, 3 178, 21 881
葵青,-,葵芳,  811, 1 277, 2 469, 2 373, 1 892, 8 822,  700, 1 305, 2 721, 2 832, 2 094, 9 652, 1 511, 2 582, 5 190, 5 205, 3 986, 18 474
葵青,-,華麗,  889,  952, 2 151, 2 486, 1 404, 7 882,  810, 1 086, 3 041, 2 867, 1 494, 9 298, 1 699, 2 038, 5 192, 5 353, 2 898, 17 180
葵青,-,荔華,  957, 1 066, 1 957, 2 108,  763, 6 851,  846,  998, 2 980, 2 337,  700, 7 861, 1 803, 2 064, 4 937, 4 445, 1 463, 14 712
葵青,-,祖堯,  893,  586, 2 359, 2 500, 1 334, 7 672,  919,  718, 3 287, 2 512, 1 331, 8 767, 1 812, 1 304, 5 646, 5 012, 2 665, 16 439
葵青,-,興芳, 1 091,  869, 2 744, 2 720, 1 028, 8 452, 1 107,  948, 3 996, 2 643, 1 389, 10 083, 2 198, 1 817, 6 740, 5 363, 2 417, 18 535
葵青,-,荔景,  683,  822, 1 930, 1 998, 1 469, 6 902,  626,  814, 2 205, 2 593, 1 628, 7 866, 1 309, 1 636, 4 135, 4 591, 3 097, 14 768
葵青,-,葵盛西邨, 1 052, 1 423, 2 630, 2 390, 1 864, 9 359,  945, 1 200, 3 044, 3 000, 1 665, 9 854, 1 997, 2 623, 5 674, 5 390, 3 529, 19 213
葵青,-,安灝, 1 185, 1 443, 2 727, 3 350,  998, 9 703, 1 010, 1 531, 3 993, 3 557, 1 043, 11 134, 2 195, 2 974, 6 720, 6 907, 2 041, 20 837
葵青,-,偉盈, 1 345,  990, 2 344, 3 081,  874, 8 634, 1 308,  988, 4 254, 3 206,  964, 10 720, 2 653, 1 978, 6 598, 6 287, 1 838, 19 354
葵青,-,青衣邨,  562, 1 005, 2 090, 2 329,  805, 6 791,  550,  943, 2 444, 2 826,  910, 7 673, 1 112, 1 948, 4 534, 5 155, 1 715, 14 464
葵青,-,翠怡, 1 456,  939, 3 364, 2 626,  559, 8 944, 1 346,  989, 5 013, 2 581,  716, 10 645, 2 802, 1 928, 8 377, 5 207, 1 275, 19 589
葵青,-,長青,  961, 1 249, 2 823, 2 692, 1 626, 9 351,  900, 1 250, 3 147, 3 317, 1 506, 10 120, 1 861, 2 499, 5 970, 6 009, 3 132, 19 471
葵青,-,長康,  810, 1 229, 2 619, 2 851, 1 687, 9 196,  709, 1 171, 2 855, 3 614, 1 531, 9 880, 1 519, 2 400, 5 474, 6 465, 3 218, 19 076
葵青,-,盛康,  445,  674, 1 800, 2 002, 1 168, 6 089,  455,  646, 2 040, 2 488, 1 085, 6 714,  900, 1 320, 3 840, 4 490, 2 253, 12 803
葵青,-,青衣南, 1 772, 1 686, 2 366, 3 043,  580, 9 447, 1 485, 1 598, 3 900, 2 880,  437, 10 300, 3 257, 3 284, 6 266, 5 923, 1 017, 19 747
葵青,-,長亨,  592, 1 380, 1 727, 2 293, 1 028, 7 020,  521, 1 293, 1 920, 2 646,  869, 7 249, 1 113, 2 673, 3 647, 4 939, 1 897, 14 269
葵青,-,青發,  690, 1 629, 1 960, 3 303, 1 091, 8 673,  697, 1 482, 2 602, 3 761, 1 212, 9 754, 1 387, 3 111, 4 562, 7 064, 2 303, 18 427
葵青,-,長安,  374, 1 036, 2 000, 2 407,  736, 6 553,  349, 1 009, 2 270, 2 851,  670, 7 149,  723, 2 045, 4 270, 5 258, 1 406, 13 702
荃灣,-,德華, 1 605, 1 214, 2 886, 3 100, 1 597, 10 402, 1 376, 1 174, 4 115, 3 256, 1 809, 11 730, 2 981, 2 388, 7 001, 6 356, 3 406, 22 132
荃灣,-,楊屋道, 1 437,  955, 3 317, 2 908,  950, 9 567, 1 320,  862, 4 468, 2 789, 1 167, 10 606, 2 757, 1 817, 7 785, 5 697, 2 117, 20 173
荃灣,-,海濱, 1 506, 1 238, 2 301, 3 176,  942, 9 163, 1 439, 1 253, 3 671, 3 177, 1 166, 10 706, 2 945, 2 491, 5 972, 6 353, 2 108, 19 869
荃灣,-,祈德尊, 1 139,  870, 1 889, 2 066, 1 243, 7 207,  771,  795, 2 246, 2 233, 1 474, 7 519, 1 910, 1 665, 4 135, 4 299, 2 717, 14 726
荃灣,-,福來,  763,  740, 1 653, 1 906, 1 495, 6 557,  707,  724, 1 965, 2 088, 1 890, 7 374, 1 470, 1 464, 3 618, 3 994, 3 385, 13 931
荃灣,-,愉景, 1 319,  910, 2 413, 2 850,  606, 8 098, 1 324, 1 023, 3 673, 3 095,  844, 9 959, 2 643, 1 933, 6 086, 5 945, 1 450, 18 057
荃灣,-,荃灣中心,  978,  852, 2 360, 2 294,  798, 7 282,  888,  817, 2 938, 2 440,  952, 8 035, 1 866, 1 669, 5 298, 4 734, 1 750, 15 317
荃灣,-,荃威, 1 318,  981, 2 697, 2 767, 1 064, 8 827, 1 136,  953, 3 846, 2 908, 1 194, 10 037, 2 454, 1 934, 6 543, 5 675, 2 258, 18 864
荃灣,-,麗濤, 1 522, 1 293, 2 697, 3 472,  956, 9 940, 1 316, 1 250, 4 259, 3 809, 1 128, 11 762, 2 838, 2 543, 6 956, 7 281, 2 084, 21 702
荃灣,-,麗興, 1 411, 1 325, 2 317, 3 509,  955, 9 517, 1 447, 1 276, 4 068, 3 845, 1 085, 11 721, 2 858, 2 601, 6 385, 7 354, 2 040, 21 238
荃灣,-,荃灣郊區西, 1 287,  654, 3 345, 2 672,  721, 8 679, 1 214,  745, 4 743, 2 931,  699, 10 332, 2 501, 1 399, 8 088, 5 603, 1 420, 19 011
荃灣,-,荃灣郊區東, 1 574,  807, 3 493, 3 282,  768, 9 924, 1 383,  874, 5 494, 3 528,  832, 12 111, 2 957, 1 681, 8 987, 6 810, 1 600, 22 035
荃灣,-,綠楊,  917,  866, 1 973, 2 273,  933, 6 962,  918,  743, 2 937, 2 411, 1 282, 8 291, 1 835, 1 609, 4 910, 4 684, 2 215, 15 253
荃灣,-,梨木樹東, 1 690, 1 363, 2 760, 3 167, 1 200, 10 180, 1 504, 1 444, 3 801, 3 149, 1 198, 11 096, 3 194, 2 807, 6 561, 6 316, 2 398, 21 276
荃灣,-,梨木樹西,  750,  993, 1 847, 1 736, 1 461, 6 787,  723,  954, 2 046, 2 092, 1 507, 7 322, 1 473, 1 947, 3 893, 3 828, 2 968, 14 109
荃灣,-,石圍角,  648,  776, 1 662, 1 947, 1 386, 6 419,  588,  627, 1 756, 2 325, 1 616, 6 912, 1 236, 1 403, 3 418, 4 272, 3 002, 13 331
荃灣,-,象石,  681,  793, 1 859, 1 977, 1 230, 6 540,  688,  896, 2 061, 2 184, 1 244, 7 073, 1 369, 1 689, 3 920, 4 161, 2 474, 13 613
屯門,-,屯門市中心,  937, 1 013, 2 471, 2 593,  713, 7 727,  920, 1 087, 3 581, 2 749,  876, 9 213, 1 857, 2 100, 6 052, 5 342, 1 589, 16 940
屯門,-,兆置, 1 174, 1 378, 2 536, 3 450, 1 063, 9 601, 1 164, 1 350, 3 705, 3 551, 1 321, 11 091, 2 338, 2 728, 6 241, 7 001, 2 384, 20 692
屯門,-,兆翠, 1 150, 1 146, 3 099, 3 217,  799, 9 411, 1 035, 1 097, 3 852, 3 548,  815, 10 347, 2 185, 2 243, 6 951, 6 765, 1 614, 19 758
屯門,-,安定,  827,  983, 2 186, 2 712, 1 216, 7 924,  770,  982, 2 623, 3 350, 1 205, 8 930, 1 597, 1 965, 4 809, 6 062, 2 421, 16 854
屯門,-,友愛南,  937, 1 110, 1 983, 2 431, 1 005, 7 466,  805, 1 059, 2 421, 2 950,  886, 8 121, 1 742, 2 169, 4 404, 5 381, 1 891, 15 587
屯門,-,友愛北,  957, 1 078, 2 310, 2 201,  761, 7 307,  901, 1 036, 2 813, 2 574,  519, 7 843, 1 858, 2 114, 5 123, 4 775, 1 280, 15 150
屯門,-,翠興, 1 395,  960, 3 032, 2 634,  395, 8 416, 1 300, 1 083, 4 198, 2 575,  487, 9 643, 2 695, 2 043, 7 230, 5 209,  882, 18 059
屯門,-,山景,  923, 1 177, 2 597, 2 860, 1 038, 8 595,  901, 1 160, 3 105, 3 367,  940, 9 473, 1 824, 2 337, 5 702, 6 227, 1 978, 18 068
屯門,-,景興,  868,  857, 1 856, 2 356, 1 309, 7 246,  890,  744, 2 342, 2 915, 1 275, 8 166, 1 758, 1 601, 4 198, 5 271, 2 584, 15 412
屯門,-,興澤,  783, 1 247, 1 663, 2 851, 1 136, 7 680,  693, 1 199, 2 323, 3 246, 1 168, 8 629, 1 476, 2 446, 3 986, 6 097, 2 304, 16 309
屯門,-,新墟,  938, 1 081, 1 844, 2 489, 1 137, 7 489,  856, 1 042, 2 751, 2 493, 1 675, 8 817, 1 794, 2 123, 4 595, 4 982, 2 812, 16 306
屯門,-,三聖, 1 238, 1 027, 2 933, 3 283,  998, 9 479, 1 082,  981, 4 510, 3 216,  985, 10 774, 2 320, 2 008, 7 443, 6 499, 1 983, 20 253
屯門,-,恆福, 1 345,  816, 2 635, 2 889,  641, 8 326, 1 258, 1 040, 4 421, 3 018,  605, 10 342, 2 603, 1 856, 7 056, 5 907, 1 246, 18 668
屯門,-,富新,  955,  878, 2 163, 2 514,  506, 7 016,  955,  907, 3 042, 2 314,  536, 7 754, 1 910, 1 785, 5 205, 4 828, 1 042, 14 770
屯門,-,悅湖,  839,  935, 1 869, 2 205,  492, 6 340,  793,  773, 2 388, 2 426,  492, 6 872, 1 632, 1 708, 4 257, 4 631,  984, 13 212
屯門,-,兆禧,  665,  945, 1 670, 2 152,  460, 5 892,  622,  828, 2 324, 2 235,  580, 6 589, 1 287, 1 773, 3 994, 4 387, 1 040, 12 481
屯門,-,湖景,  864, 1 114, 2 230, 2 080,  756, 7 044,  794, 1 084, 2 384, 2 451,  639, 7 352, 1 658, 2 198, 4 614, 4 531, 1 395, 14 396
屯門,-,蝴蝶,  893,  970, 1 955, 3 130, 1 070, 8 018,  853,  854, 2 670, 3 403, 1 191, 8 971, 1 746, 1 824, 4 625, 6 533, 2 261, 16 989
屯門,-,樂翠,  899,  905, 1 938, 2 251,  651, 6 644,  838,  880, 2 821, 2 393,  680, 7 612, 1 737, 1 785, 4 759, 4 644, 1 331, 14 256
屯門,-,龍門, 1 297, 1 255, 2 769, 2 994,  714, 9 029, 1 290, 1 101, 3 704, 3 023,  759, 9 877, 2 587, 2 356, 6 473, 6 017, 1 473, 18 906
屯門,-,新景,  685, 1 270, 1 768, 2 647,  646, 7 016,  605, 1 225, 2 071, 2 956,  679, 7 536, 1 290, 2 495, 3 839, 5 603, 1 325, 14 552
屯門,-,良景,  614, 1 570, 1 672, 2 560,  619, 7 035,  529, 1 414, 1 881, 2 850,  523, 7 197, 1 143, 2 984, 3 553, 5 410, 1 142, 14 232
屯門,-,田景,  600, 1 667, 1 822, 3 126,  553, 7 768,  591, 1 767, 2 201, 3 427,  468, 8 454, 1 191, 3 434, 4 023, 6 553, 1 021, 16 222
屯門,-,寶田, 1 162,  720, 2 575, 4 029, 1 053, 9 539,  997,  759, 3 696, 2 663,  950, 9 065, 2 159, 1 479, 6 271, 6 692, 2 003, 18 604
屯門,-,建生,  809, 1 459, 2 199, 2 706,  566, 7 739,  731, 1 403, 2 736, 3 024,  489, 8 383, 1 540, 2 862, 4 935, 5 730, 1 055, 16 122
屯門,-,兆康,  531,  829, 2 172, 2 881,  694, 7 107,  497,  783, 2 468, 2 947,  983, 7 678, 1 028, 1 612, 4 640, 5 828, 1 677, 14 785
屯門,-,景峰, 1 115, 1 096, 3 419, 2 761,  481, 8 872, 1 013, 1 223, 4 386, 2 833,  684, 10 139, 2 128, 2 319, 7 805, 5 594, 1 165, 19 011
屯門,-,富泰, 1 164, 2 362, 2 018, 2 784,  800, 9 128, 1 107, 2 353, 2 651, 2 883,  623, 9 617, 2 271, 4 715, 4 669, 5 667, 1 423, 18 745
屯門,-,屯門鄉郊, 1 488, 1 071, 3 604, 3 293,  886, 10 342, 1 462, 1 162, 5 104, 3 108, 1 029, 11 865, 2 950, 2 233, 8 708, 6 401, 1 915, 22 207
元朗,-,豐年, 1 504, 1 304, 2 994, 3 067, 1 313, 10 182, 1 398, 1 564, 4 214, 3 699, 1 534, 12 409, 2 902, 2 868, 7 208, 6 766, 2 847, 22 591
元朗,-,水邊, 1 317, 1 058, 2 643, 2 478, 1 024, 8 520, 1 298, 1 077, 3 851, 2 925, 1 253, 10 404, 2 615, 2 135, 6 494, 5 403, 2 277, 18 924
元朗,-,南屏,  740, 1 627, 2 129, 2 737,  724, 7 957,  753, 1 441, 2 642, 3 330,  865, 9 031, 1 493, 3 068, 4 771, 6 067, 1 589, 16 988
元朗,-,北朗,  961, 1 143, 2 716, 2 261,  637, 7 718,  834, 1 079, 3 266, 2 826,  600, 8 605, 1 795, 2 222, 5 982, 5 087, 1 237, 16 323
元朗,-,元朗中心, 1 170, 1 108, 2 961, 2 518, 1 383, 9 140, 1 226, 1 182, 3 851, 3 041, 1 967, 11 267, 2 396, 2 290, 6 812, 5 559, 3 350, 20 407
元朗,-,鳳翔, 1 529, 1 125, 4 147, 2 815,  860, 10 476, 1 367, 1 184, 5 608, 3 104, 1 225, 12 488, 2 896, 2 309, 9 755, 5 919, 2 085, 22 964
元朗,-,十八鄉北, 1 700, 1 018, 3 473, 2 683, 1 128, 10 002, 1 595, 1 152, 4 872, 2 761, 1 338, 11 718, 3 295, 2 170, 8 345, 5 444, 2 466, 21 720
元朗,-,十八鄉南, 1 640, 1 205, 3 898, 3 111, 1 114, 10 968, 1 525, 1 443, 4 894, 3 463, 1 268, 12 593, 3 165, 2 648, 8 792, 6 574, 2 382, 23 561
元朗,-,屏山南, 1 160,  753, 2 846, 2 343,  614, 7 716, 1 024,  888, 3 647, 2 347,  839, 8 745, 2 184, 1 641, 6 493, 4 690, 1 453, 16 461
元朗,-,屏山北, 1 622, 1 144, 3 449, 2 758,  842, 9 815, 1 506, 1 188, 4 593, 2 622, 1 114, 11 023, 3 128, 2 332, 8 042, 5 380, 1 956, 20 838
元朗,-,廈村,  896,  771, 2 121, 1 833,  952, 6 573,  860,  782, 2 679, 2 052, 1 216, 7 589, 1 756, 1 553, 4 800, 3 885, 2 168, 14 162
元朗,-,天盛, 1 610, 1 480, 3 150, 3 014,  688, 9 942, 1 487, 1 498, 4 150, 3 059,  870, 11 064, 3 097, 2 978, 7 300, 6 073, 1 558, 21 006
元朗,-,瑞愛,  891, 2 104, 2 154, 3 127,  756, 9 032,  889, 1 934, 2 543, 3 627,  773, 9 766, 1 780, 4 038, 4 697, 6 754, 1 529, 18 798
元朗,-,瑞華,  932, 2 252, 2 005, 2 981,  742, 8 912,  898, 2 362, 2 464, 3 241,  709, 9 674, 1 830, 4 614, 4 469, 6 222, 1 451, 18 586
元朗,-,頌華,  714,  889, 1 415, 1 553,  475, 5 046,  605,  867, 1 811, 1 526,  502, 5 311, 1 319, 1 756, 3 226, 3 079,  977, 10 357
元朗,-,悅恩, 1 497, 1 758, 1 853, 3 159, 1 045, 9 312, 1 376, 1 586, 3 054, 2 992,  815, 9 823, 2 873, 3 344, 4 907, 6 151, 1 860, 19 135
元朗,-,富恩, 1 859, 1 100, 3 339, 2 495,  479, 9 272, 1 845, 1 029, 4 248, 2 299,  594, 10 015, 3 704, 2 129, 7 587, 4 794, 1 073, 19 287
元朗,-,逸澤, 1 622, 2 515, 1 706, 3 073,  633, 9 549, 1 451, 2 269, 2 732, 2 893,  491, 9 836, 3 073, 4 784, 4 438, 5 966, 1 124, 19 385
元朗,-,天恒, 2 026, 3 351, 1 910, 3 458,  606, 11 351, 1 822, 3 094, 3 182, 3 152,  344, 11 594, 3 848, 6 445, 5 092, 6 610,  950, 22 945
元朗,-,宏逸, 2 104, 2 456, 1 958, 3 100,  414, 10 032, 1 969, 2 275, 3 358, 2 609,  262, 10 473, 4 073, 4 731, 5 316, 5 709,  676, 20 505
元朗,-,晴景, 2 306, 1 278, 2 421, 2 692,  746, 9 443, 2 128, 1 244, 3 930, 2 018,  752, 10 072, 4 434, 2 522, 6 351, 4 710, 1 498, 19 515
元朗,-,嘉湖北, 1 528,  965, 3 133, 3 355, 1 060, 10 041, 1 535, 1 065, 4 950, 3 803, 1 200, 12 553, 3 063, 2 030, 8 083, 7 158, 2 260, 22 594
元朗,-,慈祐, 1 067, 2 139, 2 352, 3 753,  925, 10 236,  955, 2 045, 2 867, 3 874, 1 056, 10 797, 2 022, 4 184, 5 219, 7 627, 1 981, 21 033
元朗,-,天耀,  959, 2 332, 2 471, 3 414,  917, 10 093,  852, 2 260, 2 740, 3 943,  935, 10 730, 1 811, 4 592, 5 211, 7 357, 1 852, 20 823
元朗,-,嘉湖南, 1 340, 1 163, 2 640, 2 819,  820, 8 782, 1 239, 1 164, 3 617, 3 043, 1 030, 10 093, 2 579, 2 327, 6 257, 5 862, 1 850, 18 875
元朗,-,頌栢, 1 157,  742, 2 616, 2 054,  521, 7 090, 1 031,  877, 3 346, 2 155,  558, 7 967, 2 188, 1 619, 5 962, 4 209, 1 079, 15 057
元朗,-,錦綉花園,  831,  884, 1 697, 2 549,  746, 6 707,  883,  968, 3 611, 2 850,  954, 9 266, 1 714, 1 852, 5 308, 5 399, 1 700, 15 973
元朗,-,新田, 1 324,  976, 2 558, 2 921, 1 112, 8 891, 1 173, 1 029, 4 248, 2 794, 1 343, 10 587, 2 497, 2 005, 6 806, 5 715, 2 455, 19 478
元朗,-,錦田,  818,  636, 1 731, 1 423,  651, 5 259,  740,  600, 2 347, 1 581,  835, 6 103, 1 558, 1 236, 4 078, 3 004, 1 486, 11 362
元朗,-,八鄉北,  822,  560, 1 751, 1 710,  717, 5 560,  770,  567, 2 392, 1 459,  939, 6 127, 1 592, 1 127, 4 143, 3 169, 1 656, 11 687
元朗,-,八鄉南, 1 058,  810, 2 719, 2 431,  941, 7 959, 1 040,  854, 3 839, 2 480, 1 017, 9 230, 2 098, 1 664, 6 558, 4 911, 1 958, 17 189
北區,-,聯和墟, 1 476, 1 330, 2 790, 3 543,  850, 9 989, 1 477, 1 358, 4 061, 3 243, 1 129, 11 268, 2 953, 2 688, 6 851, 6 786, 1 979, 21 257
北區,-,粉嶺市, 1 533, 1 091, 3 359, 3 086,  679, 9 748, 1 492, 1 066, 4 861, 2 998,  843, 11 260, 3 025, 2 157, 8 220, 6 084, 1 522, 21 008
北區,-,祥華,  810, 1 074, 2 706, 2 662, 1 049, 8 301,  805, 1 109, 3 019, 3 316, 1 230, 9 479, 1 615, 2 183, 5 725, 5 978, 2 279, 17 780
北區,-,華都, 1 354, 1 464, 2 561, 3 142,  707, 9 228, 1 255, 1 471, 3 576, 3 194,  837, 10 333, 2 609, 2 935, 6 137, 6 336, 1 544, 19 561
北區,-,華明,  592, 2 451, 1 430, 2 928,  703, 8 104,  573, 2 249, 1 920, 3 558,  656, 8 956, 1 165, 4 700, 3 350, 6 486, 1 359, 17 060
北區,-,欣盛, 1 165, 1 948, 2 299, 3 352,  832, 9 596, 1 125, 1 994, 3 152, 3 586,  955, 10 812, 2 290, 3 942, 5 451, 6 938, 1 787, 20 408
北區,-,盛褔, 1 040, 1 697, 1 966, 3 310,  837, 8 850,  988, 1 649, 2 912, 3 371, 1 260, 10 180, 2 028, 3 346, 4 878, 6 681, 2 097, 19 030
北區,-,上水鄉郊, 1 293, 1 069, 2 872, 2 904, 1 699, 9 837, 1 176, 1 053, 4 124, 2 821, 1 802, 10 976, 2 469, 2 122, 6 996, 5 725, 3 501, 20 813
北區,-,清河, 2 645, 1 634, 2 186, 2 960,  795, 10 220, 2 430, 1 444, 4 127, 2 380,  758, 11 139, 5 075, 3 078, 6 313, 5 340, 1 553, 21 359
北區,-,御太,  821,  864, 1 798, 1 814,  398, 5 695,  817,  970, 2 585, 1 674,  602, 6 648, 1 638, 1 834, 4 383, 3 488, 1 000, 12 343
北區,-,彩園,  787, 1 206, 2 301, 2 860, 1 366, 8 520,  763, 1 143, 2 602, 3 540, 1 703, 9 751, 1 550, 2 349, 4 903, 6 400, 3 069, 18 271
北區,-,石湖墟, 1 256, 1 087, 2 551, 2 849, 1 113, 8 856, 1 237, 1 191, 3 634, 3 063, 1 307, 10 432, 2 493, 2 278, 6 185, 5 912, 2 420, 19 288
北區,-,天平西,  495, 1 008, 1 867, 2 172,  572, 6 114,  461,  962, 1 927, 2 709,  469, 6 528,  956, 1 970, 3 794, 4 881, 1 041, 12 642
北區,-,鳳翠, 1 150, 1 070, 1 846, 2 478,  661, 7 205,  961, 1 217, 2 512, 2 217,  945, 7 852, 2 111, 2 287, 4 358, 4 695, 1 606, 15 057
北區,-,沙打,  828,  807, 1 938, 1 762, 1 090, 6 425,  812,  769, 2 275, 1 678, 1 350, 6 884, 1 640, 1 576, 4 213, 3 440, 2 440, 13 309
北區,-,天平東,  917, 1 676, 2 392, 3 098,  606, 8 689,  874, 1 659, 2 996, 3 302,  596, 9 427, 1 791, 3 335, 5 388, 6 400, 1 202, 18 116
北區,-,皇后山, 1 286,  850, 2 486, 2 364, 1 070, 8 056, 1 154,  930, 3 216, 2 369, 1 107, 8 776, 2 440, 1 780, 5 702, 4 733, 2 177, 16 832
大埔,-,大埔墟,  910,  789, 1 869, 2 425, 1 449, 7 442,  833,  847, 2 704, 2 258, 2 218, 8 860, 1 743, 1 636, 4 573, 4 683, 3 667, 16 302
大埔,-,大埔中,  801,  915, 1 865, 2 437,  558, 6 576,  768,  921, 2 617, 2 406,  749, 7 461, 1 569, 1 836, 4 482, 4 843, 1 307, 14 037
大埔,-,頌汀,  711, 1 227, 1 792, 2 628,  589, 6 947,  639, 1 216, 2 511, 2 871,  722, 7 959, 1 350, 2 443, 4 303, 5 499, 1 311, 14 906
大埔,-,大元,  705, 1 105, 2 268, 2 165, 1 102, 7 345,  671,  998, 2 157, 2 708, 1 161, 7 695, 1 376, 2 103, 4 425, 4 873, 2 263, 15 040
大埔,-,富亨,  542, 2 169, 1 686, 2 959,  754, 8 110,  460, 1 946, 1 856, 3 418,  687, 8 367, 1 002, 4 115, 3 542, 6 377, 1 441, 16 477
大埔,-,怡富,  624, 1 030, 2 755, 2 664,  856, 7 929,  618,  944, 2 840, 3 268,  852, 8 522, 1 242, 1 974, 5 595, 5 932, 1 708, 16 451
大埔,-,富明新,  668,  995, 1 697, 2 647,  806, 6 813,  583,  995, 2 137, 2 745,  958, 7 418, 1 251, 1 990, 3 834, 5 392, 1 764, 14 231
大埔,-,廣福及寶湖,  538,  888, 2 121, 2 306,  858, 6 711,  543,  896, 2 190, 2 833,  747, 7 209, 1 081, 1 784, 4 311, 5 139, 1 605, 13 920
大埔,-,宏福,  515,  815, 1 820, 2 149,  808, 6 107,  507,  736, 2 107, 2 594,  993, 6 937, 1 022, 1 551, 3 927, 4 743, 1 801, 13 044
大埔,-,大埔滘, 1 022,  871, 1 705, 2 527,  612, 6 737,  960,  987, 3 498, 2 587,  581, 8 613, 1 982, 1 858, 5 203, 5 114, 1 193, 15 350
大埔,-,運頭塘,  697, 1 548, 1 815, 3 101,  953, 8 114,  630, 1 582, 2 242, 3 270, 1 056, 8 780, 1 327, 3 130, 4 057, 6 371, 2 009, 16 894
大埔,-,新富, 1 146, 1 075, 1 897, 2 947,  642, 7 707,  983, 1 047, 3 282, 2 812,  871, 8 995, 2 129, 2 122, 5 179, 5 759, 1 513, 16 702
大埔,-,林村谷, 1 400, 1 271, 2 653, 3 338,  683, 9 345, 1 264, 1 203, 4 204, 3 183,  901, 10 755, 2 664, 2 474, 6 857, 6 521, 1 584, 20 100
大埔,-,寶雅,  553, 1 516, 1 597, 2 808,  626, 7 100,  526, 1 519, 1 928, 2 981,  653, 7 607, 1 079, 3 035, 3 525, 5 789, 1 279, 14 707
大埔,-,太和,  533, 1 635, 2 107, 2 595,  878, 7 748,  457, 1 477, 2 080, 3 093,  719, 7 826,  990, 3 112, 4 187, 5 688, 1 597, 15 574
大埔,-,舊墟及太湖, 1 062,  964, 2 210, 2 446,  623, 7 305,  899,  954, 3 308, 2 349,  860, 8 370, 1 961, 1 918, 5 518, 4 795, 1 483, 15 675
大埔,-,康樂園, 1 055,  944, 1 854, 2 495,  727, 7 075, 1 068, 1 102, 3 489, 2 573,  703, 8 935, 2 123, 2 046, 5 343, 5 068, 1 430, 16 010
大埔,-,船灣, 1 151, 1 005, 2 139, 2 860,  747, 7 902, 1 259,  982, 3 930, 2 547, 1 038, 9 756, 2 410, 1 987, 6 069, 5 407, 1 785, 17 658
大埔,-,西貢北, 1 020,  589, 1 810, 2 201,  540, 6 160,  976,  698, 3 311, 2 050,  580, 7 615, 1 996, 1 287, 5 121, 4 251, 1 120, 13 775
沙田,-,沙田市中心, 1 391, 1 088, 2 884, 3 475,  816, 9 654, 1 259, 1 359, 4 716, 3 456, 1 115, 11 905, 2 650, 2 447, 7 600, 6 931, 1 931, 21 559
沙田,-,瀝源,  722,  889, 1 683, 1 836, 1 145, 6 275,  664,  834, 1 975, 2 026, 1 554, 7 053, 1 386, 1 723, 3 658, 3 862, 2 699, 13 328
沙田,-,禾輋邨,  861, 1 456, 2 510, 2 815, 1 789, 9 431,  812, 1 476, 2 563, 3 298, 1 820, 9 969, 1 673, 2 932, 5 073, 6 113, 3 609, 19 400
沙田,-,第一城,  856,  991, 1 701, 2 817,  669, 7 034,  773, 1 030, 3 062, 2 982, 1 116, 8 963, 1 629, 2 021, 4 763, 5 799, 1 785, 15 997
沙田,-,愉城,  793,  753, 2 184, 2 566,  587, 6 883,  703,  716, 3 390, 2 705,  802, 8 316, 1 496, 1 469, 5 574, 5 271, 1 389, 15 199
沙田,-,王屋,  941, 1 047, 2 677, 2 563,  891, 8 119,  875, 1 014, 3 796, 2 766, 1 415, 9 866, 1 816, 2 061, 6 473, 5 329, 2 306, 17 985
沙田,-,沙角,  689,  929, 1 967, 2 117, 1 933, 7 635,  603,  796, 2 164, 2 986, 1 873, 8 422, 1 292, 1 725, 4 131, 5 103, 3 806, 16 057
沙田,-,博康,  536,  816, 2 642, 2 501, 1 366, 7 861,  558,  807, 2 616, 3 197, 1 316, 8 494, 1 094, 1 623, 5 258, 5 698, 2 682, 16 355
沙田,-,乙明,  596,  766, 2 112, 2 493, 1 123, 7 090,  553,  736, 2 455, 2 884, 1 032, 7 660, 1 149, 1 502, 4 567, 5 377, 2 155, 14 750
沙田,-,秦豐,  547,  748, 1 822, 2 190, 1 077, 6 384,  528,  685, 2 113, 2 620, 1 009, 6 955, 1 075, 1 433, 3 935, 4 810, 2 086, 13 339
沙田,-,新田圍,  908, 1 240, 2 350, 2 538, 1 284, 8 320,  856, 1 126, 2 811, 2 850, 1 278, 8 921, 1 764, 2 366, 5 161, 5 388, 2 562, 17 241
沙田,-,翠田,  758, 1 045, 2 245, 2 463,  959, 7 470,  707,  932, 2 846, 3 047,  961, 8 493, 1 465, 1 977, 5 091, 5 510, 1 920, 15 963
沙田,-,顯嘉,  420, 1 029, 1 875, 2 355,  615, 6 294,  401,  969, 1 974, 2 844,  619, 6 807,  821, 1 998, 3 849, 5 199, 1 234, 13 101
沙田,-,下城門, 1 675, 1 133, 2 607, 3 277,  920, 9 612, 1 550, 1 309, 4 105, 3 068, 1 001, 11 033, 3 225, 2 442, 6 712, 6 345, 1 921, 20 645
沙田,-,徑口, 1 158, 1 078, 2 896, 3 020, 1 177, 9 329, 1 099, 1 091, 3 907, 3 402, 1 419, 10 918, 2 257, 2 169, 6 803, 6 422, 2 596, 20 247
沙田,-,田心,  732, 1 146, 2 218, 2 264, 1 111, 7 471,  734, 1 124, 2 427, 2 772, 1 029, 8 086, 1 466, 2 270, 4 645, 5 036, 2 140, 15 557
沙田,-,翠嘉,  738,  937, 2 237, 2 545, 1 448, 7 905,  638,  872, 2 649, 3 107, 1 493, 8 759, 1 376, 1 809, 4 886, 5 652, 2 941, 16 664
沙田,-,大圍,  923, 1 205, 2 708, 3 382, 1 638, 9 856,  896, 1 232, 3 560, 3 685, 2 039, 11 412, 1 819, 2 437, 6 268, 7 067, 3 677, 21 268
沙田,-,松田, 1 608, 1 260, 2 276, 3 278,  707, 9 129, 1 451, 1 222, 3 539, 2 984,  750, 9 946, 3 059, 2 482, 5 815, 6 262, 1 457, 19 075
沙田,-,穗禾,  702,  764, 1 348, 2 229,  702, 5 745,  654,  817, 2 281, 2 440,  878, 7 070, 1 356, 1 581, 3 629, 4 669, 1 580, 12 815
沙田,-,火炭, 1 216,  994, 2 117, 3 062,  422, 7 811, 1 142, 1 007, 3 785, 2 781,  578, 9 293, 2 358, 2 001, 5 902, 5 843, 1 000, 17 104
沙田,-,駿馬,  948, 1 110, 1 410, 2 342,  369, 6 179,  862, 1 189, 3 087, 2 325,  438, 7 901, 1 810, 2 299, 4 497, 4 667,  807, 14 080
沙田,-,頌安, 1 417, 1 973, 2 148, 3 608,  847, 9 993, 1 339, 1 938, 3 582, 3 508,  909, 11 276, 2 756, 3 911, 5 730, 7 116, 1 756, 21 269
沙田,-,錦濤, 1 381, 1 105, 3 169, 3 126,  896, 9 677, 1 253, 1 149, 4 236, 3 016, 1 179, 10 833, 2 634, 2 254, 7 405, 6 142, 2 075, 20 510
沙田,-,馬鞍山市中心, 1 596, 1 110, 2 820, 3 516,  664, 9 706, 1 473, 1 098, 4 847, 3 570,  952, 11 940, 3 069, 2 208, 7 667, 7 086, 1 616, 21 646
沙田,-,利安, 1 555, 1 931, 2 679, 3 968,  978, 11 111, 1 357, 1 902, 4 186, 3 828,  814, 12 087, 2 912, 3 833, 6 865, 7 796, 1 792, 23 198
沙田,-,富龍, 1 159,  944, 2 308, 3 251, 1 004, 8 666,  940,  998, 3 092, 3 386, 1 152, 9 568, 2 099, 1 942, 5 400, 6 637, 2 156, 18 234
沙田,-,錦英, 1 060, 1 054, 2 279, 3 095,  772, 8 260, 1 048, 1 117, 3 289, 3 026,  921, 9 401, 2 108, 2 171, 5 568, 6 121, 1 693, 17 661
沙田,-,耀安,  477, 1 465, 2 323, 2 900,  656, 7 821,  394, 1 399, 2 338, 3 364,  765, 8 260,  871, 2 864, 4 661, 6 264, 1 421, 16 081
沙田,-,恒安,  692, 1 361, 3 291, 3 885, 1 239, 10 468,  743, 1 323, 3 466, 4 517, 1 186, 11 235, 1 435, 2 684, 6 757, 8 402, 2 425, 21 703
沙田,-,鞍泰, 1 565,  938, 3 614, 3 001,  701, 9 819, 1 498,  952, 5 208, 2 965,  809, 11 432, 3 063, 1 890, 8 822, 5 966, 1 510, 21 251
沙田,-,大水坑,  905, 1 048, 1 590, 2 767,  763, 7 073,  785,  976, 2 377, 2 677,  953, 7 768, 1 690, 2 024, 3 967, 5 444, 1 716, 14 841
沙田,-,愉欣, 1 316,  728, 3 400, 1 972,  706, 8 122, 1 109,  773, 4 390, 2 179,  902, 9 353, 2 425, 1 501, 7 790, 4 151, 1 608, 17 475
沙田,-,碧湖, 1 881, 1 257, 2 463, 3 841,  556, 9 998, 1 679, 1 440, 4 569, 3 489,  738, 11 915, 3 560, 2 697, 7 032, 7 330, 1 294, 21 913
沙田,-,廣康,  783,  976, 1 535, 2 123,  589, 6 006,  788,  908, 2 200, 2 282,  668, 6 846, 1 571, 1 884, 3 735, 4 405, 1 257, 12 852
沙田,-,廣源,  464, 1 482, 1 651, 2 480,  767, 6 844,  424, 1 367, 1 717, 2 642,  916, 7 066,  888, 2 849, 3 368, 5 122, 1 683, 13 910
西貢,-,西貢市中心,  631,  661, 1 741, 1 818,  672, 5 523,  679,  722, 2 370, 1 826,  807, 6 404, 1 310, 1 383, 4 111, 3 644, 1 479, 11 927
西貢,-,白沙灣, 1 188,  779, 2 534, 2 463,  682, 7 646, 1 059, 1 009, 4 213, 2 575,  836, 9 692, 2 247, 1 788, 6 747, 5 038, 1 518, 17 338
西貢,-,西貢離島,  900,  574, 1 669, 1 790,  444, 5 377,  801,  569, 2 758, 1 820,  472, 6 420, 1 701, 1 143, 4 427, 3 610,  916, 11 797
西貢,-,坑口東, 1 186, 1 043, 2 128, 1 926,  490, 6 773, 1 131,  859, 3 346, 2 172,  568, 8 076, 2 317, 1 902, 5 474, 4 098, 1 058, 14 849
西貢,-,坑口西, 1 038, 1 259, 2 299, 2 214,  606, 7 416,  964,  869, 3 474, 2 176,  671, 8 154, 2 002, 2 128, 5 773, 4 390, 1 277, 15 570
西貢,-,寶軍, 1 509,  809, 3 264, 2 226,  630, 8 438, 1 437,  685, 4 475, 2 372,  827, 9 796, 2 946, 1 494, 7 739, 4 598, 1 457, 18 234
西貢,-,維都, 2 188,  894, 4 479, 3 205,  640, 11 406, 2 077, 1 072, 7 152, 3 491,  784, 14 576, 4 265, 1 966, 11 631, 6 696, 1 424, 25 982
西貢,-,健善, 1 865, 1 845, 1 957, 2 834,  539, 9 040, 1 696, 1 811, 3 111, 2 678,  455, 9 751, 3 561, 3 656, 5 068, 5 512,  994, 18 791
西貢,-,彩健, 1 519, 2 047, 2 558, 2 846,  670, 9 640, 1 413, 2 032, 3 333, 3 020,  590, 10 388, 2 932, 4 079, 5 891, 5 866, 1 260, 20 028
西貢,-,澳唐, 1 530,  717, 3 581, 2 054,  658, 8 540, 1 340,  746, 4 806, 2 430,  647, 9 969, 2 870, 1 463, 8 387, 4 484, 1 305, 18 509
西貢,-,富君, 1 366,  792, 2 832, 2 219,  549, 7 758, 1 353,  827, 3 978, 2 237,  736, 9 131, 2 719, 1 619, 6 810, 4 456, 1 285, 16 889
西貢,-,南安, 1 729, 1 115, 3 716, 3 328,  930, 10 818, 1 578, 1 184, 5 417, 3 570, 1 049, 12 798, 3 307, 2 299, 9 133, 6 898, 1 979, 23 616
西貢,-,康景, 1 377, 1 089, 3 296, 3 120,  980, 9 862, 1 261, 1 213, 4 263, 3 286, 1 348, 11 371, 2 638, 2 302, 7 559, 6 406, 2 328, 21 233
西貢,-,翠林,  543, 1 343, 2 360, 2 803,  797, 7 846,  541, 1 350, 2 417, 3 380,  826, 8 514, 1 084, 2 693, 4 777, 6 183, 1 623, 16 360
西貢,-,寶林,  483, 1 520, 2 370, 2 844,  951, 8 168,  500, 1 361, 2 272, 3 474, 1 072, 8 679,  983, 2 881, 4 642, 6 318, 2 023, 16 847
西貢,-,欣英, 1 108, 1 174, 2 923, 3 005,  856, 9 066, 1 067, 1 185, 4 038, 3 203, 1 080, 10 573, 2 175, 2 359, 6 961, 6 208, 1 936, 19 639
西貢,-,運亨, 1 612, 1 059, 3 394, 3 011,  761, 9 837, 1 517, 1 016, 4 987, 2 940,  992, 11 452, 3 129, 2 075, 8 381, 5 951, 1 753, 21 289
西貢,-,景林,  647, 1 837, 2 123, 3 057, 1 104, 8 768,  533, 1 714, 2 262, 3 489, 1 103, 9 101, 1 180, 3 551, 4 385, 6 546, 2 207, 17 869
西貢,-,厚德,  869, 1 793, 1 992, 3 123, 1 130, 8 907,  810, 1 719, 2 505, 3 445, 1 327, 9 806, 1 679, 3 512, 4 497, 6 568, 2 457, 18 713
西貢,-,富藍, 1 022,  953, 2 404, 2 785, 1 049, 8 213,  966, 1 073, 3 302, 2 801, 1 344, 9 486, 1 988, 2 026, 5 706, 5 586, 2 393, 17 699
西貢,-,德明, 1 240, 1 284, 2 501, 3 229,  907, 9 161, 1 232, 1 235, 3 564, 3 217, 1 107, 10 355, 2 472, 2 519, 6 065, 6 446, 2 014, 19 516
西貢,-,尚德, 1 071, 2 386, 1 780, 3 035,  813, 9 085, 1 025, 2 651, 2 346, 3 065, 1 060, 10 147, 2 096, 5 037, 4 126, 6 100, 1 873, 19 232
西貢,-,廣明, 1 173, 1 085, 2 537, 2 696,  890, 8 381, 1 066, 1 039, 3 291, 2 784, 1 180, 9 360, 2 239, 2 124, 5 828, 5 480, 2 070, 17 741
西貢,-,環保, 1 276,  874, 2 796, 2 395,  284, 7 625, 1 165, 1 030, 4 315, 2 395,  429, 9 334, 2 441, 1 904, 7 111, 4 790,  713, 16 959
離島,-,大嶼山, 1 322,  957, 2 907, 2 228, 1 166, 8 580, 1 210,  637, 3 390, 2 343, 1 610, 9 190, 2 532, 1 594, 6 297, 4 571, 2 776, 17 770
離島,-,逸東邨北, 2 482, 1 746, 2 419, 2 997,  480, 10 124, 2 350, 1 673, 3 822, 2 522,  455, 10 822, 4 832, 3 419, 6 241, 5 519,  935, 20 946
離島,-,逸東邨南, 1 319, 2 433, 1 780, 2 847,  585, 8 964, 1 345, 2 382, 2 456, 2 860,  359, 9 402, 2 664, 4 815, 4 236, 5 707,  944, 18 366
離島,-,東涌北, 1 394,  569, 3 075, 2 730,  774, 8 542, 1 190,  793, 4 912, 3 046,  645, 10 586, 2 584, 1 362, 7 987, 5 776, 1 419, 19 128
離島,-,東涌南,  985, 1 110, 2 214, 2 843,  805, 7 957,  889, 1 171, 3 083, 2 899,  955, 8 997, 1 874, 2 281, 5 297, 5 742, 1 760, 16 954
離島,-,愉景灣, 1 222,  248, 1 762, 1 730,  393, 5 355, 1 068,  277, 3 100, 2 176,  386, 7 007, 2 290,  525, 4 862, 3 906,  779, 12 362
離島,-,坪洲及喜靈洲,  329,  482, 1 339,  979,  478, 3 607,  312,  340, 1 166, 1 040,  583, 3 441,  641,  822, 2 505, 2 019, 1 061, 7 048
離島,-,南丫及蒲台,  420,  183,  983,  780,  323, 2 689,  403,  189, 1 518,  875,  339, 3 324,  823,  372, 2 501, 1 655,  662, 6 013
離島,-,長洲南,  781,  706, 1 671, 1 596,  679, 5 433,  744,  777, 2 201, 1 838,  815, 6 375, 1 525, 1 483, 3 872, 3 434, 1 494, 11 808
離島,-,長洲北,  667,  646, 1 586, 1 345,  819, 5 063,  608,  675, 1 921, 1 558, 1 107, 5 869, 1 275, 1 321, 3 507, 2 903, 1 926, 10 932
陸上總計,,, 426 212, 438 910, 932 179,1 066 818, 438 175,3 302 294, 397 225, 436 244,1 286 915,1 144 680, 503 030,3 768 094, 823 437, 875 154,2 219 094,2 211 498, 941 205,7 070 388
,,,,,,,,,,,,,,,,,,,,
資料來源,,,,,,,,,,,,,,,,,,,,
,,,,,,,,,,,,,,,,,,,,
修訂日期,,,,,,,,,,,,,,,,,,,,